{
    "metrics": {
        "http_req_duration": {
            "p(90)": 498.24089470000007,
            "p(95)": 697.0988765499999,
            "avg": 195.23694056859742,
            "min": 0.865092,
            "med": 100.58271500000001,
            "max": 2798.278789,
            "thresholds": {
                "p(95)<450": true
            }
        },
        "telemetry_request_duration_ms": {
            "avg": 195.23694056859742,
            "min": 0.865092,
            "med": 100.58271500000001,
            "max": 2798.278789,
            "p(90)": 498.24089470000007,
            "p(95)": 697.0988765499999
        },
        "checks": {
            "fails": 0,
            "passes": 153124,
            "value": 1
        },
        "iteration_duration": {
            "avg": 271.2244677688675,
            "min": 1.160457,
            "med": 191.643524,
            "max": 3000.280885,
            "p(90)": 697.7388875,
            "p(95)": 898.93502695
        },
        "iterations": {
            "count": 76562,
            "rate": 196.01122597083753
        },
        "telemetry_success_rate": {
            "passes": 76562,
            "fails": 0,
            "thresholds": {
                "rate>0.98": false
            },
            "value": 1
        },
        "http_req_receiving": {
            "avg": 14.965865805778407,
            "min": 0.006362,
            "med": 0.054996,
            "max": 1796.994062,
            "p(90)": 0.3667875000000002,
            "p(95)": 93.30954614999997
        },
        "telemetry_payload_bytes": {
            "avg": 150.6037721062668,
            "min": 142,
            "med": 150,
            "max": 155,
            "p(90)": 155,
            "p(95)": 155
        },
        "http_req_failed": {
            "passes": 0,
            "fails": 76562,
            "thresholds": {
                "rate<0.01": false
            },
            "value": 0
        },
        "http_req_tls_handshaking": {
            "med": 0,
            "max": 0,
            "p(90)": 0,
            "p(95)": 0,
            "avg": 0,
            "min": 0
        },
        "http_req_sending": {
            "min": 0.002633,
            "med": 0.0294415,
            "max": 2299.533522,
            "p(90)": 0.28033990000000114,
            "p(95)": 205.75484969999997,
            "avg": 28.29215144486857
        },
        "group_duration": {
            "avg": 257.3962167395176,
            "min": 1.126016,
            "med": 105.474628,
            "max": 2800.080024,
            "p(90)": 605.2327575,
            "p(95)": 894.2059258999999
        },
        "data_sent": {
            "count": 21560148,
            "rate": 55197.5006085617
        },
        "http_req_connecting": {
            "p(90)": 0,
            "p(95)": 0,
            "avg": 0.2625872695201274,
            "min": 0,
            "med": 0,
            "max": 900.003153
        },
        "vus_max": {
            "value": 319,
            "min": 60,
            "max": 319
        },
        "http_req_blocked": {
            "avg": 1.390671820354742,
            "min": 0.00081,
            "med": 0.0081565,
            "max": 1397.772135,
            "p(90)": 0.01712090000000001,
            "p(95)": 0.021536849999999993
        },
        "dropped_iterations": {
            "count": 51573,
            "rate": 132.03530415864273
        },
        "data_received": {
            "count": 24913462,
            "rate": 63782.532193488594
        },
        "vus": {
            "value": 82,
            "min": 0,
            "max": 315
        },
        "http_reqs": {
            "count": 76562,
            "rate": 196.01122597083753
        },
        "http_req_duration{expected_response:true}": {
            "max": 2798.278789,
            "p(90)": 498.24089470000007,
            "p(95)": 697.0988765499999,
            "avg": 195.23694056859742,
            "min": 0.865092,
            "med": 100.58271500000001
        },
        "http_req_waiting": {
            "max": 2000.32608,
            "p(90)": 300.83033100000006,
            "p(95)": 403.5673251,
            "avg": 151.97892331795023,
            "min": 0.792246,
            "med": 99.793493
        },
        "telemetry_requests_total": {
            "count": 76562,
            "rate": 196.01122597083753
        }
    },
    "root_group": {
        "name": "",
        "path": "",
        "id": "d41d8cd98f00b204e9800998ecf8427e",
        "groups": {
            "POST /telemetry em limite de capacidade": {
                "name": "POST /telemetry em limite de capacidade",
                "path": "::POST /telemetry em limite de capacidade",
                "id": "69b4e210e9b1eacd0521e59ed2cc92da",
                "groups": {},
                "checks": {
                        "telemetry status 200": {
                            "fails": 0,
                            "name": "telemetry status 200",
                            "path": "::POST /telemetry em limite de capacidade::telemetry status 200",
                            "id": "65aa8fe3d95a54805d7381af582da2e0",
                            "passes": 76562
                        },
                        "telemetry resposta de sucesso": {
                            "name": "telemetry resposta de sucesso",
                            "path": "::POST /telemetry em limite de capacidade::telemetry resposta de sucesso",
                            "id": "c309fab4882b70e367f1313aab2bb8be",
                            "passes": 76562,
                            "fails": 0
                        }
                    }
            }
        },
        "checks": {}
    }
}