{
    "metrics": {
        "http_req_receiving": {
            "max": 700.380531,
            "p(90)": 0.41855149999999997,
            "p(95)": 6.218500499999999,
            "avg": 7.345650531283767,
            "min": 0.00577,
            "med": 0.064132
        },
        "checks": {
            "fails": 0,
            "passes": 122172,
            "value": 1
        },
        "telemetry_success_rate": {
            "fails": 0,
            "passes": 61086,
            "thresholds": {
                "rate>0.97": false
            },
            "value": 1
        },
        "iteration_duration": {
            "med": 198.30560200000002,
            "max": 902.345537,
            "p(90)": 301.17918599999996,
            "p(95)": 399.689282,
            "avg": 193.30436242751176,
            "min": 81.292813
        },
        "http_req_duration": {
            "avg": 76.99897858751699,
            "min": 0.802121,
            "med": 96.1353575,
            "max": 805.432747,
            "p(90)": 106.1870885,
            "p(95)": 201.120202,
            "thresholds": {
                "p(95)<1000": false
            }
        },
        "http_req_failed": {
            "fails": 61086,
            "passes": 0,
            "thresholds": {
                "rate<0.01": false
            },
            "value": 0
        },
        "data_sent": {
            "count": 17202000,
            "rate": 55489.25166046282
        },
        "vus_max": {
            "value": 45,
            "min": 45,
            "max": 45
        },
        "http_req_duration{expected_response:true}": {
            "med": 96.1353575,
            "max": 805.432747,
            "p(90)": 106.1870885,
            "p(95)": 201.120202,
            "avg": 76.99897858751699,
            "min": 0.802121
        },
        "http_req_connecting": {
            "avg": 0.008786382018793176,
            "min": 0,
            "med": 0,
            "max": 100.436929,
            "p(90)": 0,
            "p(95)": 0
        },
        "http_req_waiting": {
            "max": 503.48943,
            "p(90)": 101.300225,
            "p(95)": 104.12506525,
            "avg": 64.11570545326218,
            "min": 0.758134,
            "med": 94.01589
        },
        "telemetry_request_duration_ms": {
            "med": 96.1353575,
            "max": 805.432747,
            "p(90)": 106.1870885,
            "p(95)": 201.120202,
            "avg": 76.99897858751699,
            "min": 0.802121
        },
        "http_reqs": {
            "count": 61086,
            "rate": 197.04780995994835
        },
        "telemetry_requests_total": {
            "rate": 197.04780995994835,
            "count": 61086
        },
        "iterations": {
            "count": 61086,
            "rate": 197.04780995994835
        },
        "http_req_blocked": {
            "med": 0.009091,
            "max": 303.128923,
            "p(90)": 0.016587,
            "p(95)": 0.020674,
            "avg": 0.2894092789018726,
            "min": 0.000959
        },
        "http_req_sending": {
            "p(90)": 0.194482,
            "p(95)": 0.99498975,
            "avg": 5.5376226029695195,
            "min": 0.003575,
            "med": 0.03315,
            "max": 500.7478
        },
        "telemetry_payload_bytes": {
            "avg": 150.60298595422847,
            "min": 142,
            "med": 150,
            "max": 155,
            "p(90)": 155,
            "p(95)": 155
        },
        "data_received": {
            "count": 19878525,
            "rate": 64123.03664479721
        },
        "vus": {
            "value": 2,
            "min": 1,
            "max": 45
        },
        "http_req_tls_handshaking": {
            "avg": 0,
            "min": 0,
            "med": 0,
            "max": 0,
            "p(90)": 0,
            "p(95)": 0
        },
        "group_duration": {
            "med": 99.00628900000001,
            "max": 806.285427,
            "p(90)": 201.0398785,
            "p(95)": 299.986932,
            "avg": 94.19778598755877,
            "min": 0.976085
        }
    },
    "root_group": {
        "checks": {},
        "name": "",
        "path": "",
        "id": "d41d8cd98f00b204e9800998ecf8427e",
        "groups": {
                "POST /telemetry em resistência": {
                    "name": "POST /telemetry em resistência",
                    "path": "::POST /telemetry em resistência",
                    "id": "44d2d2ef7b22d3c696d62bfbf1a7beaf",
                    "groups": {},
                    "checks": {
                            "telemetry status 200": {
                                "name": "telemetry status 200",
                                "path": "::POST /telemetry em resistência::telemetry status 200",
                                "id": "d63294470c1496cf560cbe0800cc341c",
                                "passes": 61086,
                                "fails": 0
                            },
                            "telemetry resposta de sucesso": {
                                "name": "telemetry resposta de sucesso",
                                "path": "::POST /telemetry em resistência::telemetry resposta de sucesso",
                                "id": "cc3a2945e4a3c1c56849b3858672edee",
                                "passes": 61086,
                                "fails": 0
                            }
                        }
                }
            }
    }
}