{
    "metrics": {
        "http_req_tls_handshaking": {
            "avg": 0,
            "min": 0,
            "med": 0,
            "max": 0,
            "p(90)": 0,
            "p(95)": 0
        },
        "http_req_failed": {
            "passes": 0,
            "fails": 21361,
            "thresholds": {
                "rate<0.01": false
            },
            "value": 0
        },
        "iterations": {
            "count": 21361,
            "rate": 142.38602425564792
        },
        "http_req_duration{expected_response:true}": {
            "p(90)": 98.756959,
            "p(95)": 100.442845,
            "avg": 27.865233648424695,
            "min": 1.030499,
            "med": 11.188651,
            "max": 403.286947
        },
        "checks": {
            "passes": 42722,
            "fails": 0,
            "value": 1
        },
        "data_received": {
            "rate": 46350.420348736945,
            "count": 6953571
        },
        "http_reqs": {
            "count": 21361,
            "rate": 142.38602425564792
        },
        "telemetry_requests_total": {
            "count": 21361,
            "rate": 142.38602425564792
        },
        "http_req_blocked": {
            "avg": 0.10461677599363305,
            "min": 0.00102,
            "med": 0.010486,
            "max": 199.631598,
            "p(90)": 0.017007,
            "p(95)": 0.020552
        },
        "http_req_waiting": {
            "avg": 25.481895551706348,
            "min": 0.944591,
            "med": 10.822155,
            "max": 301.172064,
            "p(90)": 97.675303,
            "p(95)": 99.695364
        },
        "http_req_sending": {
            "avg": 0.8775470742006426,
            "min": 0.003094,
            "med": 0.038943,
            "max": 206.863225,
            "p(90)": 0.084573,
            "p(95)": 0.192791
        },
        "telemetry_payload_bytes": {
            "min": 142,
            "med": 150,
            "max": 155,
            "p(90)": 155,
            "p(95)": 155,
            "avg": 150.5850849679322
        },
        "iteration_duration": {
            "max": 599.08583,
            "p(90)": 199.604881,
            "p(95)": 201.722928,
            "avg": 121.46164967005346,
            "min": 81.345096,
            "med": 99.341303
        },
        "vus_max": {
            "value": 28,
            "min": 28,
            "max": 28
        },
        "data_sent": {
            "count": 6014939,
            "rate": 40093.780738272675
        },
        "http_req_receiving": {
            "avg": 1.505791022517671,
            "min": 0.007607,
            "med": 0.084593,
            "max": 305.225393,
            "p(90)": 0.206283,
            "p(95)": 0.493753
        },
        "telemetry_success_rate": {
            "passes": 21361,
            "fails": 0,
            "thresholds": {
                "rate>0.97": false
            },
            "value": 1
        },
        "http_req_connecting": {
            "avg": 0.0006202203080380132,
            "min": 0,
            "med": 0,
            "max": 0.603815,
            "p(90)": 0,
            "p(95)": 0
        },
        "telemetry_request_duration_ms": {
            "min": 1.030499,
            "med": 11.188651,
            "max": 403.286947,
            "p(90)": 98.756959,
            "p(95)": 100.442845,
            "avg": 27.865233648424695
        },
        "group_duration": {
            "avg": 33.69722837348437,
            "min": 1.267258,
            "med": 12.374167,
            "max": 511.37106,
            "p(90)": 100.620295,
            "p(95)": 106.75689
        },
        "vus": {
            "value": 1,
            "min": 1,
            "max": 28
        },
        "http_req_duration": {
            "med": 11.188651,
            "max": 403.286947,
            "p(90)": 98.756959,
            "p(95)": 100.442845,
            "avg": 27.865233648424695,
            "min": 1.030499,
            "thresholds": {
                "p(95)<800": false
            }
        }
    },
    "root_group": {
        "name": "",
        "path": "",
        "id": "d41d8cd98f00b204e9800998ecf8427e",
        "groups": {
            "POST /telemetry em carga normal": {
                "name": "POST /telemetry em carga normal",
                "path": "::POST /telemetry em carga normal",
                "id": "5d44dd7d243f03896cbc6211fcf3a670",
                "groups": {},
                "checks": {
                        "telemetry status 200": {
                            "passes": 21361,
                            "fails": 0,
                            "name": "telemetry status 200",
                            "path": "::POST /telemetry em carga normal::telemetry status 200",
                            "id": "16d14f3f98b3f07e53a93bfe12de0836"
                        },
                        "telemetry resposta de sucesso": {
                            "name": "telemetry resposta de sucesso",
                            "path": "::POST /telemetry em carga normal::telemetry resposta de sucesso",
                            "id": "548bbb041b8c77be10ac79222ba49634",
                            "passes": 21361,
                            "fails": 0
                        }
                    }
            }
        },
        "checks": {}
    }
}